ProductName,Version,OEM,SeverityLevel,Vulnerability,MitigationStrategy,PublishedDate,UniqueID
NVIDIA® CUDA Toolkit - August 2024,N/A,NVIDIA,Medium,"CVE-2024-0109, CVE-2024-0110, CVE-2024-0111",https://nvidia.custhelp.com/app/answers/detail/a_id/5564,29 Aug 2024,29 Aug 2024
"NVIDIA® Mellanox OS, ONYX, Skyway, MetroX - August 2024",N/A,NVIDIA,High,CVE-2024-0113,https://nvidia.custhelp.com/app/answers/detail/a_id/5563,7 Aug 2024,7 Aug 2024
NVIDIA® CV-CUDA - August 2024,N/A,NVIDIA,Medium,CVE-2024-0115,https://nvidia.custhelp.com/app/answers/detail/a_id/5560,7 Aug 2024,7 Aug 2024
"NVIDIA® Mellanox OS, ONYX, Skyway, MetroX-3 XC - July 2024",N/A,NVIDIA,High,"CVE-2024-0101, CVE-2024-0104",https://nvidia.custhelp.com/app/answers/detail/a_id/5559,23 Jul 2024,23 Jul 2024
"NVIDIA® Jetson AGX Xavier Series, Jetson Xavier NX, Jetson TX1, Jetson TX2 Series (including Jetson TX2 NX), and Jetson Nano (including Jetson Nano 2GB) - July 2024",N/A,NVIDIA,High,CVE-2024-0108,https://nvidia.custhelp.com/app/answers/detail/a_id/5555,23 Jul 2024,23 Jul 2024
NVIDIA® CUDA Toolkit - July 2024,N/A,NVIDIA,Low,CVE-2024-0102,https://nvidia.custhelp.com/app/answers/detail/a_id/5548,11 Jul 2024,11 Jul 2024
NVIDIA® GPU Display Driver - July 2024,N/A,NVIDIA,High,CVE-2024-0107,https://nvidia.custhelp.com/app/answers/detail/a_id/5557,9 Jul 2024,9 Jul 2024
NVIDIA® GPU Display Driver - June 2024,N/A,NVIDIA,High,"CVE-2024-0084, CVE-2024-0085, CVE-2024-0086, CVE-2024-0089, CVE-2024-0090, CVE-2024-0091, CVE-2024-0092, CVE-2024-0093, CVE-2024-0094,CVE-2024-0099",https://nvidia.custhelp.com/app/answers/detail/a_id/5551,6 Jun 2024,6 Jun 2024
NVIDIA® Triton Inference Server - May 2024,N/A,NVIDIA,Medium,"CVE-2024-0095, CVE-2024-0103",https://nvidia.custhelp.com/app/answers/detail/a_id/5546,29 May 2024,29 May 2024
NVIDIA® ChatRTX - May 2024,N/A,NVIDIA,High,"CVE-2024-0096, CVE-2024-0097, CVE-2024-0098",https://nvidia.custhelp.com/app/answers/detail/a_id/5533,01 May 2024,01 May 2024
NVIDIA® Triton Inference Server - April 2024,N/A,NVIDIA,Critical,"CVE-2024-0087, CVE-2024-0088, CVE-2024-0100",https://nvidia.custhelp.com/app/answers/detail/a_id/5535,01 May 2024,01 May 2024
NVIDIA® CUDA Toolkit - April 2024,N/A,NVIDIA,Low,"CVE-2023-31028, CVE-2024-0072, CVE-2024-0076, CVE-2024-0080",https://nvidia.custhelp.com/app/answers/detail/a_id/5517,03 Apr 2024,03 Apr 2024
NVIDIA® ChatRTX - March 2024,N/A,NVIDIA,High,"CVE-2024-0082, CVE-2024-0083",https://nvidia.custhelp.com/app/answers/detail/a_id/5532,26 Mar 2024,26 Mar 2024
NVIDIA® GPU Display Driver - February 2024,N/A,NVIDIA,High,"CVE-2024-0071, CVE-2024-0073, CVE-2024-0074, CVE-2024-0078, CVE-2024-0075, CVE-2022-42265, CVE-2024-0077, CVE-2024-0079",https://nvidia.custhelp.com/app/answers/detail/a_id/5520,28 Feb 2024,28 Feb 2024
NVIDIA® DGX Station A100 and DGX Station A800 - February 2024,N/A,NVIDIA,High,"CVE-2022-42271, CVE-2022-42272, CVE-2022-42273, CVE-2022-42274, CVE-2022-42275, CVE-2022-42279, CVE-2022-42280, CVE-2022-42282, CVE-2022-42283, CVE-2022-42284, CVE-2022-42287, CVE-2022-42288, CVE-2022-42289, CVE-2022-42290, CVE-2023-25521, CVE-2023-31031, CVE-2023-31032, CVE-2023-31034",https://nvidia.custhelp.com/app/answers/detail/a_id/5513,08 Feb 2024,08 Feb 2024
NVIDIA® BlueField 2 and 3 BMC - January 2024,N/A,NVIDIA,High,CVE-2023-31037,https://nvidia.custhelp.com/app/answers/detail/a_id/5511,22 Jan 2024,22 Jan 2024
NVIDIA® DGX H100 and A100 - January 2024,N/A,NVIDIA,Critical,"CVE-2023-25529, CVE-2023-25530, CVE-2023-31024, CVE-2023-31025, CVE-2023-31029, CVE-2023-31030, CVE-2023-31031, CVE-2023-31032, CVE-2023-31033, CVE-2023-31034, CVE-2023-31035",https://nvidia.custhelp.com/app/answers/detail/a_id/5510,11 Jan 2024,11 Jan 2024
NVIDIA® Triton Inference Server - December 2023,N/A,NVIDIA,High,CVE-2023-31036,https://nvidia.custhelp.com/app/answers/detail/a_id/5509,19 Dec 2023,19 Dec 2023
Security Notice: Triton Inference Server - November 2023,N/A,NVIDIA,N/A,N/A,https://nvidia.custhelp.com/app/answers/detail/a_id/5493,30 Nov 2023,30 Nov 2023
NVIDIA® GPU Display Driver - October 2023,N/A,NVIDIA,High,"CVE-2023-31016, CVE-2023-31017, CVE-2023-31018, CVE-2023-31019, CVE-2023-31020, CVE-2023-31021, CVE-2023-31022, CVE-2023-31023, CVE-2023-31026, CVE-2023-31027",https://nvidia.custhelp.com/app/answers/detail/a_id/5491,31 Oct 2023,31 Oct 2023
NVIDIA® Cumulus Linux - September 2023,N/A,NVIDIA,High,"CVE-2023-25525, CVE-2023-25526",https://nvidia.custhelp.com/app/answers/detail/a_id/5480,06 Sep 2023,06 Sep 2023
NVIDIA® BlueField Data Processing Unit - September 2023,N/A,NVIDIA,High,CVE-2023-25519,https://nvidia.custhelp.com/app/answers/detail/a_id/5479,06 Sep 2023,06 Sep 2023
NVIDIA® GeForce Now for Android - August 2023,N/A,NVIDIA,Medium,CVE-2023-31014,https://nvidia.custhelp.com/app/answers/detail/a_id/5476,28 Aug 2023,28 Aug 2023
NVIDIA® DGX H100 - August 2023,N/A,NVIDIA,High,"CVE-2023-25527, CVE-2023-25528, CVE-2023-25529, CVE-2023-25530, CVE-2023-25531, CVE-2023-25532, CVE-2023-25533, CVE-2023-31008, CVE-2023-31009, CVE-2023-31010, CVE-2023-31011, CVE-2023-31012, CVE-2023-31013, CVE-2023-31015",https://nvidia.custhelp.com/app/answers/detail/a_id/5473,28 Aug 2023,28 Aug 2023
NVIDIA® Omniverse Launcher - August 2023,N/A,NVIDIA,Medium,CVE-2023-25524,https://nvidia.custhelp.com/app/answers/detail/a_id/5472,03 Aug 2023,03 Aug 2023
NVIDIA® DGX A100 and DGX A800 - June 2023,N/A,NVIDIA,High,"CVE-2023-25521, CVE-2023-25522",https://nvidia.custhelp.com/app/answers/detail/a_id/5461,30 Jun 2023,30 Jun 2023
NVIDIA® CUDA Toolkit - June 2023,N/A,NVIDIA,Low,CVE-2023-25523,https://nvidia.custhelp.com/app/answers/detail/a_id/5469,29 Jun 2023,29 Jun 2023
NVIDIA® GPU Display Driver - June 2023,N/A,NVIDIA,High,"CVE-2022-34671, CVE-2023-25515, CVE-2023-25516, CVE-2023-25517",https://nvidia.custhelp.com/app/answers/detail/a_id/5468,26 Jun 2023,26 Jun 2023
NVIDIA® Jetson - June 2023,N/A,NVIDIA,High,"CVE-2023-25518, CVE-2023-25520",https://nvidia.custhelp.com/app/answers/detail/a_id/5466,23 Jun 2023,23 Jun 2023
NVIDIA® CUDA Toolkit - April 2023,N/A,NVIDIA,Medium,"CVE-2023-25510, CVE-2023-25511, CVE-2023-25512, CVE-2023-25513, CVE-2023-25514",https://nvidia.custhelp.com/app/answers/detail/a_id/5456,21 Apr 2023,21 Apr 2023
NVIDIA® DGX-1 - April 2023,N/A,NVIDIA,High,"CVE-2023-0209, CVE-2023-25505, CVE-2023-25506, CVE-2023-25507, CVE-2023-25508, CVE-2023-25509",https://nvidia.custhelp.com/app/answers/detail/a_id/5458,19 Apr 2023,14 Jul 2023
Security Bulletin: NVIDIA ConnectX - April 2023,N/A,NVIDIA,Medium,"CVE-2023-0203, CVE-2023-0204 CVE-2023-0205",https://nvidia.custhelp.com/app/answers/detail/a_id/5459,18 Apr 2023,18 Apr 2023
NVIDIA DCGM - March 2023,N/A,NVIDIA,High,CVE-2023-0208,https://nvidia.custhelp.com/app/answers/detail/a_id/5453,31 Mar 2023,31 Mar 2023
NVIDIA® GPU Display Driver - March 2023,N/A,NVIDIA,High,"CVE-2023-0189, CVE-2023-0184, CVE-2023-0182, CVE-2023-0181, CVE-2023-0191, CVE-2023-0183, CVE-2023-0180, CVE-2023-0185, CVE-2023-0198, CVE-2023-0187, CVE-2023-0199, CVE-2023-0186, CVE-2023-0190, CVE-2023-0188, CVE-2023-0192, CVE-2023-0194, CVE-2023-0195, CVE-2023-0197",https://nvidia.custhelp.com/app/answers/detail/a_id/5452,30 Mar 2023,30 Mar 2023
"NVIDIA DGX-2, DGX Station A100, and DGX A100 - March 2023",N/A,NVIDIA,High,"CVE-2022-42274, CVE-2022-42280, CVE-2022-42282, CVE-2022-42283, CVE-2022-42286, CVE-2022-42287, CVE-2022-42289, CVE-2022-42290, CVE-2023-0200, CVE-2023-0201",https://nvidia.custhelp.com/app/answers/detail/a_id/5449,23 Mar 2023,23 Mar 2023
NVIDIA CUDA Toolkit - March 2023,N/A,NVIDIA,High,"CVE-2023-0193, CVE-2023-0196",https://nvidia.custhelp.com/app/answers/detail/a_id/5446,01 Mar 2023,01 Mar 2023
NVIDIA GeForce Experience - January 2023,N/A,NVIDIA,High,"CVE-2022-42291, CVE-2022-31611, CVE-2022-42292",https://nvidia.custhelp.com/app/answers/detail/a_id/5384,30 Jan 2023,30 Jan 2023
"NVIDIA Jetson AGX Xavier Series, Jetson Xavier NX, Jetson AGX Orin Series - January 2023",N/A,NVIDIA,High,CVE-2022-42270,https://nvidia.custhelp.com/app/answers/detail/a_id/5442,25 Jan 2023,25 Jan 2023
NVIDIA Omniverse Kit - January 2023,N/A,NVIDIA,High,CVE-2022-42268,https://nvidia.custhelp.com/app/answers/detail/a_id/5418,10 Jan 2023,10 Jan 2023
NVIDIA DGX A100 Server and DGX Station A100 - December 2022,N/A,NVIDIA,High,"CVE-2022-42271, CVE-2022-42272, CVE-2022-42273, CVE-2022-42274, CVE-2022-42275, CVE-2022-42276, CVE-2022-42277, CVE-2022-42278, CVE-2022-42279, CVE-2022-42280, CVE-2022-42281, CVE-2022-42282, CVE-2022-42283, CVE-2022-42284, CVE-2022-42285, CVE-2022-42286, CVE-2022-42287, CVE-2022-42288, CVE-2022-42289, CVE-2022-42290",https://nvidia.custhelp.com/app/answers/detail/a_id/5435,19 Dec 2022,19 Dec 2022
"Security Bulletin: NVIDIA Jetson AGX Xavier Series, Jetson Xavier NX, Jetson TX1, Jetson TX2 Series (including Jetson TX2 NX), and Jetson Nano (including Jetson Nano 2GB) - November 2022",N/A,NVIDIA,High,"CVE-2022-42269, CVE-2022-42270",https://nvidia.custhelp.com/app/answers/detail/a_id/5417,30 Nov 2022,30 Nov 2022
Security Bulletin: NVIDIA GPU Display Driver - November 2022,N/A,NVIDIA,High,"CVE-2022-34670, CVE-2022-34671, CVE-2022-34672. CVE-2022-34673, CVE-2022-34674, CVE-2022-34675, CVE-2022-34676, CVE-2022-34677, CVE-2022-34678, CVE-2022-34679, CVE-2022-34680, CVE-2022-34681, CVE-2022-34682, CVE-2022-34683, CVE-2022-34684, CVE-2022-42254, CVE-2022-42255, CVE-2022-42256, CVE-2022-42257, CVE-2022-42258, CVE-2022-42259, CVE-2022-42260, CVE-2022-42261, CVE-2022-42262, CVE-2022-42263, CVE-2022-42264, CVE-2022-42265, CVE-2022-42266, CVE-2022-42267",https://nvidia.custhelp.com/app/answers/detail/a_id/5415,29 Nov 2022,20 Dec 2022
Security Notice: NVIDIA Response to OpenSSL Vulnerabilities - November 2022,N/A,NVIDIA,High,"CVE-2022-3786, CVE-2022-3602",https://nvidia.custhelp.com/app/answers/detail/a_id/5405,1 Nov 2022,30 Nov 2022
Security Bulletin: NVIDIA CUDA Toolkit - October 2022,N/A,NVIDIA,Medium,CVE-2022-34667,https://nvidia.custhelp.com/app/answers/detail/a_id/5373,7 Oct 2022,7 Oct 2022
Security Bulletin: NVIDIA Data Plane Development Kit (MLNX_DPDK) - August 2022,N/A,NVIDIA,Medium,CVE-2022-28199,https://nvidia.custhelp.com/app/answers/detail/a_id/5389,29 Aug 2022,29 Aug 2022
Security Bulletin: NVIDIA GPU Display Driver - August 2022,N/A,NVIDIA,High,"CVE-2022-31606, CVE-2022-31607, CVE-2022-31608, CVE-2022-31610, CVE-2022-31617, CVE-2022-31612, CVE-2022-31613, CVE-2022-31609, CVE-2022-31614, CVE-2022-31618, CVE-2022-34665, CVE-2022-31616,CVE-2022-31615",https://nvidia.custhelp.com/app/answers/detail/a_id/5383,2 Aug 2022,2 Aug 2022
Security Bulletin: NVIDIA DGX A100 Firmware - June 2022,N/A,NVIDIA,High,"CVE-2022-28200, CVE-2022-31599, CVE-2022-31600, CVE-2022-31601, CVE-2022-31602, CVE-2022-31603",https://nvidia.custhelp.com/app/answers/detail/a_id/5367,7 Jun 2022,7 Jun 2022
Security Bulletin: NVIDIA GPU Display Driver - May 2022,N/A,NVIDIA,High,"CVE-2022-28181, CVE-2022-28182, CVE-2022-28183, CVE-2022-28184, CVE-2022-28185, CVE-2022-28186, CVE-2022-28187, CVE-2022-28188, CVE-2022-28189, CVE-2022-28190, CVE-2022-28191, CVE-2022-28192",https://nvidia.custhelp.com/app/answers/detail/a_id/5353,16 May 2022,24 May 2022
Security Bulletin: NVIDIA Omniverse Nucleus and Omniverse Cache - April 2022,N/A,NVIDIA,Medium,CVE-2022-28198,https://nvidia.custhelp.com/app/answers/detail/a_id/5342,28 April 2022,28 April 2022
"Security Bulletin: NVIDIA Jetson AGX Xavier Series, Jetson Xavier NX, Jetson TX1, Jetson TX2 Series (including Jetson TX2 NX) - April 2022",N/A,NVIDIA,High,"CVE-2022-28193, CVE-2022-28194, CVE-2022-28195, CVE-2022-28196, CVE-2022-28197",https://nvidia.custhelp.com/app/answers/detail/a_id/5343,26 April 2022,26 April 2022
Security Bulletin: NVIDIA CUDA Toolkit - March 2022,N/A,NVIDIA,High,CVE-2022-21821,https://nvidia.custhelp.com/app/answers/detail/a_id/5334,28 Mar 2022,28 Mar 2022
Security Bulletin: NVIDIA Data Center GPU Manager (DCGM) - March 2022,N/A,NVIDIA,Medium,CVE-2022-21820,https://nvidia.custhelp.com/app/answers/detail/a_id/5328,17 Mar 2022,23 Mar 2022
Security Notice: NVIDIA Response to Security Incident - March 2022,N/A,NVIDIA,N/A,N/A,https://nvidia.custhelp.com/app/answers/detail/a_id/5333,1 Mar 2022,8 Mar 2022
"Security Bulletin: NVIDIA Jetson AGX Xavier Series, Jetson Xavier NX, Jetson TX1, Jetson TX2 Series (including Jetson TX2 NX), and Jetson Nano (including Jetson Nano 2GB) - March 2022",N/A,NVIDIA,High,"CVE-2021-34401, CVE-2021-4034, CVE-2022-21819",https://nvidia.custhelp.com/app/answers/detail/a_id/5321,8 Mar 2022,8 Mar 2022
Security Bulletin: NVIDIA License System - February 2022,N/A,NVIDIA,Medium,CVE-2022-21818,https://nvidia.custhelp.com/app/answers/detail/a_id/5319,14 Feb 2022,14 Feb 2022
Security Bulletin: NVIDIA GPU Display Driver - February 2022,N/A,NVIDIA,Medium,"CVE-2022-21813, CVE-2022-21814, CVE-2022-21815, CVE-2022-21816",https://nvidia.custhelp.com/app/answers/detail/a_id/5312,1 Feb 2022,1 Feb 2022
Security Bulletin: NVIDIA Omniverse Launcher - January 2022,N/A,NVIDIA,Critical,CVE-2022-21817,https://nvidia.custhelp.com/app/answers/detail/a_id/5318,31 Jan 2022,31 Jan 2022
Security Bulletin: NVIDIA SHIELD TV - January 2022,N/A,NVIDIA,High,"CVE-2021-1106, CVE-2021-1107, CVE-2021-1108, CVE-2021-1112, CVE-2021-34401, CVE-2021-34402, CVE-2021-34403, CVE-2021-34404, CVE-2021-34405, CVE-2021-34406",https://nvidia.custhelp.com/app/answers/detail/a_id/5259,12 Jan 2022,12 Jan 2022
Security Notice: NVIDIA Response to Apache Log4j Vulnerabilities - December 2021,N/A,NVIDIA,Critical,"CVE-2021-44228 (Log4Shell), CVE-2021-45046, CVE-2021-45105",https://nvidia.custhelp.com/app/answers/detail/a_id/5294,13 Dec 2021,2 Feb 2022
Security Bulletin: NVIDIA GeForce Experience - December 2021,N/A,NVIDIA,High,CVE-2021-23175,https://nvidia.custhelp.com/app/answers/detail/a_id/5295,21 Dec 2021,21 Dec 2021
Security Notice: NVIDIA GPU and Tegra Hardware - November 2021,N/A,NVIDIA,High,"CVE-2021-23201, CVE-2021-23217, CVE-2021-34400, CVE-2021-34399, CVE-2021-34399, CVE-2021-1125, CVE-2021-1105, CVE-2021-1088",https://nvidia.custhelp.com/app/answers/detail/a_id/5263,19 Nov 2021,19 Nov 2021
Security Bulletin: NVIDIA GPU Display Driver - October 2021,N/A,NVIDIA,High,"CVE-2021-1115, CVE-2021-1116, CVE-2021-1117, CVE-2021-1118, CVE-2021-1119, CVE-2021-1120, CVE-2021-1121, CVE-2021-1122, CVE-2021-1123",https://nvidia.custhelp.com/app/answers/detail/a_id/5230,26 Oct 2021,2 Nov 2021
Security Bulletin: NVIDIA Data Center GPU Manager - August 2021,N/A,NVIDIA,High,CVE-2021-34398,https://nvidia.custhelp.com/app/answers/detail/a_id/5219,6 Aug 2021,6 Aug 2021
"Security Bulletin: NVIDIA Jetson AGX Xavier Series, Jetson Xavier NX, Jetson TX1, Jetson TX2 Series (including Jetson TX2 NX), and Jetson Nano (including Jetson Nano 2GB)- August 2021",N/A,NVIDIA,High,"CVE-2021-1106, CVE-2021-1107, CVE-2021-1108, CVE-2021-1109, CVE-2021-1110, CVE-2021-1111, CVE-2021-1112, CVE-2021-1113, CVE-2021-1114",https://nvidia.custhelp.com/app/answers/detail/a_id/5216,4 Aug 2021,18 Jan 2022
Security Bulletin: NVIDIA DGX-1 and NVIDIA DGX-2 Systems - July 2021,N/A,NVIDIA,High,CVE‑2021‑0144,https://nvidia.custhelp.com/app/answers/detail/a_id/5213,22 Jul 2021,22 Jul 2021
Security Bulletin: NVIDIA GPU Display Drivers - July 2021,N/A,NVIDIA,High,"CVE-2021-1089, CVE-2021-1090, CVE-2021-1091, CVE-2021-1092, CVE-2021-1093, CVE-2021-1094, CVE-2021-1095, CVE-2021-1096, CVE-2021-1097, CVE-2021-1098, CVE-2021-1099, CVE-2021-1100, CVE-2021-1101, CVE-2021-1102, CVE-2021-1103",https://nvidia.custhelp.com/app/answers/detail/a_id/5211,20 Jul 2021,20 Jul 2021
Security Bulletin: NVIDIA GeForce Experience - June 2021,N/A,NVIDIA,High,CVE-2021-1073,https://nvidia.custhelp.com/app/answers/detail/a_id/5199,24 Jun 2021,24 Jun 2021
"Security Bulletin: NVIDIA Jetson AGX Xavier Series, Jetson Xavier NX, Jetson TX1, Jetson TX2 Series (including Jetson TX2 NX), and Jetson Nano (including Jetson Nano 2GB) - June 2021",N/A,NVIDIA,High,"CVE-2021-34372, CVE-2021-34373, CVE-2021-34374, CVE-2021-34375, CVE-2021-34376, CVE-2021-34377, CVE-2021-34378, CVE-2021-34379, CVE-2021-34380, CVE-2021-34381, CVE-2021-34382, CVE-2021-34383, CVE-2021-34384, CVE-2021-34385, CVE-2021-34386, CVE-2021-34387, CVE-2021-34388, CVE-2021-34389, CVE-2021-34390, CVE-2021-34391, CVE-2021-34392, CVE-2021-34393, CVE-2021-34394, CVE-2021-34395, CVE-2021-34396, CVE-2021-34397",https://nvidia.custhelp.com/app/answers/detail/a_id/5205,18 Jun 2021,15 Jul 2021
Security Bulletin: NVIDIA GPU Display Driver - April 2021,N/A,NVIDIA,High,"CVE-2021-1074, CVE-2021-1075, CVE-2021-1076, CVE-2021-1077, CVE-2021-1078, CVE-2021-1080, CVE-2021-1081, CVE-2021-1082, CVE-2021-1083, CVE-2021-1084, CVE-2021-1085, CVE-2021-1086, CVE-2021-1087",https://nvidia.custhelp.com/app/answers/detail/a_id/5172,19 Apr 2021,27 May 2021
Security Bulletin: NVIDIA GeForce Experience - April 2021,N/A,NVIDIA,Medium,CVE-2021-1079,https://nvidia.custhelp.com/app/answers/detail/a_id/5184,16 Apr 2021,14 May 2021
Security Bulletin: NVIDIA GeForce Experience - February 2021,N/A,NVIDIA,Medium,CVE-2021-1072,https://nvidia.custhelp.com/app/answers/detail/a_id/5155,04 Feb 2021,04 Feb 2021
"Security Bulletin: NVIDIA Jetson AGX Xavier Series, Jetson Xavier NX, TX1, TX2, Nano and Nano 2GB - January 2021",N/A,NVIDIA,High,"CVE-2021-1069, CVE-2021-1070, CVE-2021-1071",https://nvidia.custhelp.com/app/answers/detail/a_id/5147,01 Jan 2021,01 Jan 2021
Security Bulletin: NVIDIA SHIELD TV - January 2021,N/A,NVIDIA,High,"CVE-2021-1067, CVE-2021-1068, CVE-2021-1069",https://nvidia.custhelp.com/app/answers/detail/a_id/5148,19 Jan 2021,19 Jan 2021
Security Bulletin: NVIDIA GPU Display Driver - January 2021,N/A,NVIDIA,High,"CVE-2021-1051, CVE-2021-1052, CVE-2021-1053, CVE-2021-1054, CVE-2021-1055, CVE-2021-1056, CVE-2021-1057, CVE-2021-1058, CVE-2021-1059, CVE-2021-1060, CVE-2021-1061, CVE-2021-1062, CVE-2021-1063, CVE-2021-1064, CVE-2021-1065, CVE-2021-1066",https://nvidia.custhelp.com/app/answers/detail/a_id/5142,07 Jan 2021,23 Jun 2021
Security Bulletin: NVIDIA GeForce NOW - November 2020,N/A,NVIDIA,High,CVE-2020-5992,https://nvidia.custhelp.com/app/answers/detail/a_id/5096,10 Nov 2020,10 Nov 2020
Security Bulletin: NVIDIA CUDA Toolkit - October 2020,N/A,NVIDIA,Medium,CVE-2020-5991,https://nvidia.custhelp.com/app/answers/detail/a_id/5094,29 Oct 2020,29 Oct 2020
"Security Bulletin: AMI Baseboard Management Controller (BMC) Firmware Vulnerabilities in NVIDIA DGX-1, DGX-2, and DGX A100 Servers - October 2020",N/A,NVIDIA,Critical,"CVE-2020-11483, CVE-2020-11484, CVE-2020-11485, CVE-2020-11486, CVE-2020-11487, CVE-2020-11488, CVE-2020-11489, CVE-2020-11615, CVE-2020-11616",https://nvidia.custhelp.com/app/answers/detail/a_id/5010,28 Oct 2020,01 Dec 2020
Security Bulletin: NVIDIA GeForce Experience - October 2020,N/A,NVIDIA,High,"CVE-2020-5977, CVE-2020-5978, CVE-2020-5990",https://nvidia.custhelp.com/app/answers/detail/a_id/5076,22 Oct 2020,28 Oct 2020
Security Bulletin: NVIDIA GPU Display Driver - September 2020,N/A,NVIDIA,High,"CVE-2020-5979, CVE-2020-5980, CVE-2020-5981, CVE-2020-5982, CVE-2020-5983, CVE-2020-5984, CVE-2020-5985 CVE-2020-5986, CVE-2020-5987, CVE-2020-5988, CVE-2020-5989",https://nvidia.custhelp.com/app/answers/detail/a_id/5075,10 Oct 2020,10 Oct 2020
Security Bulletin: NVIDIA GeForce NOW - September 2020,N/A,NVIDIA,Medium,"CVE-2020-5975, CVE-2020-5976",https://nvidia.custhelp.com/app/answers/detail/a_id/5052,16 Sep 2020,16 Sep 2020
Security Notice: NVIDIA Response to Cisco Talos Report - July 2020,N/A,NVIDIA,NVIDIA products are not affected,"CVE-2020-1032, CVE-2020-1036, CVE-2020-1040, CVE-2020-1041, CVE-2020-1042, CVE-2020-1043, CVE-2020-6100, CVE-2020-6101, CVE-2020-6102, CVE-2020-6103",https://nvidia.custhelp.com/app/answers/detail/a_id/5044,16 Jul 2020,16 Jul 2020
"Security Bulletin: NVIDIA Jetson AGX Xavier, TX1, TX2, and Nano L4T - July 2020",N/A,NVIDIA,High,CVE-2020-5974,https://nvidia.custhelp.com/app/answers/detail/a_id/5039,08 Jul 2020,08 Jul 2020
Security Bulletin: NVIDIA GeForce Experience - July 2020,N/A,NVIDIA,High,CVE-2020-5964,https://nvidia.custhelp.com/app/answers/detail/a_id/5038,07 Jul 2020,07 Jul 2020
Security Bulletin: NVIDIA GPU Display Driver - June 2020,N/A,NVIDIA,High,"CVE-2020-5962 CVE-2020-5963 CVE-2020-5964, CVE-2020-5965, CVE-2020-5966, CVE-2020-5967, CVE-2020-5968, CVE-2020-5969, CVE-2020-5970, CVE-2020-5971, CVE-2020-5972, CVE-2020-5973",https://nvidia.custhelp.com/app/answers/detail/a_id/5031,24 Jun 2020,16 Jul 2020
Security Notice: NVIDIA Response to Ripple20 - June 2020,N/A,NVIDIA,NVIDIA products are not affected,"CVE-2020-11896, CVE-2020-11897, CVE-2020-11898, CVE-2020-11899, CVE-2020-11900, CVE-2020-11901, CVE-2020-11902, CVE-2020-11903, CVE-2020-11904, CVE-2020-11905, CVE-2020-11906, CVE-2020-11907, CVE-2020-11908, CVE-2020-11909, CVE-2020-11910, CVE-2020-11911, CVE-2020-11912, CVE-2020-11913, CVE-2020-11914",https://nvidia.custhelp.com/app/answers/detail/a_id/5033,22 Jun 2020,22 Jun 2020
Security Bulletin: NVIDIA GPU Display Driver - February 2020,N/A,NVIDIA,High,"CVE-2020-5957, CVE-2020-5958, CVE-2020-5959, CVE-2020-5960, CVE-2020-5961",https://nvidia.custhelp.com/app/answers/detail/a_id/4996,28 Feb 2020,05 May 2020
Security Bulletin: NVIDIA GPU Display Driver - November 2019,N/A,NVIDIA,High,"CVE-2019-5690, CVE-2019-2019-5691, CVE-2019-5692, CVE-2019-5693, CVE-2019-5694, CVE-2019-5695, CVE-2019-5696, CVE-2019-5697, CVE-2019-5698",https://nvidia.custhelp.com/app/answers/detail/a_id/4907,06 Nov 2019,07 Jan 2020
Security Bulletin: NVIDIA GeForce Experience - December 2019,N/A,NVIDIA,High,CVE-2019-5702,https://nvidia.custhelp.com/app/answers/detail/a_id/4954,23 Dec 2019,23 Dec 2019
"Security Bulletin: Jetson AGX Xavier, TK1, TX1, TX2, and Nano L4T - December 2019",N/A,NVIDIA,High,"CVE-2019-5699, CVE-2019-5700, CVE-2018-6268, CVE-2018-6240, CVE-2018-6271, CVE-2018-6267",https://nvidia.custhelp.com/app/answers/detail/a_id/4910,03 Dec 2019,03 Dec 2019
Security Bulletin: NVIDIA GeForce Experience - November 2019,N/A,NVIDIA,High,"CVE-2019-5701, CVE-2019-2019-5689, CVE-2019-5695",https://nvidia.custhelp.com/app/answers/detail/a_id/4860,06 Nov 2019,06 Nov 2019
"Security Bulletin: NVIDIA NVFlash, GPUModeSwitch Tool - November 2019",N/A,NVIDIA,Medium,CVE-2019-5688,https://nvidia.custhelp.com/app/answers/detail/a_id/4928,06 Nov 2019,14 Nov 2019
Security Bulletin: NVIDIA SHIELD TV - October 2019,N/A,NVIDIA,High,"CVE-2019-5699, CVE-2019-5700",https://nvidia.custhelp.com/app/answers/detail/a_id/4875,07 Oct 2019,07 Oct 2019
Security Bulletin: NVIDIA SHIELD TV - August 2019,N/A,NVIDIA,Critical,"CVE-2019-5679, CVE-2018-6267, CVE-2018-6268, CVE-2018-6269, CVE-2019-5680, CVE-2019-5681, CVE-2019-5682, CVE-2018-6241, CVE-2017-6275, CVE-2018-6240",https://nvidia.custhelp.com/app/answers/detail/a_id/4804,02 Aug 2019,23 Sep 2019
Security Bulletin: NVIDIA GPU Display Driver - August 2019,N/A,NVIDIA,High,"CVE-2019-5683, CVE-2019-5684, CVE-2019-5685, CVE-2019-5686, CVE-2019-5687",https://nvidia.custhelp.com/app/answers/detail/a_id/4841,02 Aug 2019,29 Aug 2019
Security Bulletin: NVIDIA Jetson TX1 and Jetson Nano L4T - July 2019,N/A,NVIDIA,High,CVE-2019-5680,https://nvidia.custhelp.com/app/answers/detail/a_id/4835,18 Jul 2019,29 Jul 2019
Security Bulletin: NVIDIA GeForce Experience - May 2019,N/A,NVIDIA,High,"CVE-2019-5678, CVE-2019-5676",https://nvidia.custhelp.com/app/answers/detail/a_id/4806,30 May 2019,30 May 2019
Security Bulletin: NVIDIA GPU Display Driver - May 2019,N/A,NVIDIA,High,"CVE-2019-5675, CVE-2019-5676, CVE-2019-5677",https://nvidia.custhelp.com/app/answers/detail/a_id/4797,09 May 2019,30 May 2019
Security Bulletin: NVIDIA Jetson TX1 and TX2 L4T - April 2019,N/A,NVIDIA,High,"CVE-2019-5673, CVE-2019-5672, CVE-2018-6271, CVE-2018-6269, CVE-2018-6268, CVE-2018 6267, CVE-2018-3665, CVE-2018-3639, CVE-2018-6239, CVE-2017-6284, CVE-2017-6278, CVE 2017-6274, CVE-2017-0330",https://nvidia.custhelp.com/app/answers/detail/a_id/4787,02 Apr 2019,02 Apr 2019
Security Bulletin: NVIDIA GeForce Experience – March 2019,N/A,NVIDIA,High,CVE-2019-5674,https://nvidia.custhelp.com/app/answers/detail/a_id/4784,26 Mar 2019,27 Mar 2018
Security Bulletin: NVIDIA GPU Display Driver - February 2019,N/A,NVIDIA,High,"CVE-2019-5665, CVE-2019-5666, CVE-2019-5667, CVE-2019-5668, CVE-2019-5669, CVE-2019-5670, CVE-2019-5671, CVE-2018-6260",https://nvidia.custhelp.com/app/answers/detail/a_id/4772,22 Feb 2019,19 Mar 2019
Security Bulletin: NVIDIA GeForce Experience - November 2018,N/A,NVIDIA,High,"CVE-2018-6263, CVE-2018-6265, CVE-2018-6266",https://nvidia.custhelp.com/app/answers/detail/a_id/4740,19 Nov 2018,19 Nov 2018
Security Notice: NVIDIA Response to “Rendered Insecure: GPU Side Channel Attacks are Practical”– November 2018,N/A,NVIDIA,Low,CVE-2018-6260,https://nvidia.custhelp.com/app/answers/detail/a_id/4738,09 Nov 2018,22 Feb 2019
Security Bulletin: NVIDIA SHIELD TV – October 2018,N/A,NVIDIA,High,"CVE-2017-5715, CVE-2017-6289, CVE-2017-6293, CVE-2018-6246",https://nvidia.custhelp.com/app/answers/detail/a_id/4704,16 Oct 2018,16 Oct 2018
Security Bulletin: NVIDIA GeForce Experience - September 2018,N/A,NVIDIA,High,"CVE 2018-6261, CVE-2018-6262",https://nvidia.custhelp.com/app/answers/detail/a_id/4725,27 Sep 2018,27 Sep 2018
Security Bulletin: NVIDIA GeForce Experience Software Security Updates for Multiple Vulnerabilities When GameStream is Enabled,N/A,NVIDIA,High,"CVE-2018-6257, CVE-2018-6258, CVE-2018-6259",https://nvidia.custhelp.com/app/answers/detail/a_id/4685,30 Aug 2018,30 Aug 2018
Security Bulletin: NVIDIA SHIELD TV Software Security Updates for Multiple Vulnerabilities,N/A,NVIDIA,Medium,"CVE-2017-6290, CVE-2017-6292, CVE-2017-6294",https://nvidia.custhelp.com/app/answers/detail/a_id/4682,28 Jun 2018,14 Sep 2018
Security Notice: NVIDIA Tegra RCM Vulnerability,N/A,NVIDIA,None,CVE-2018-6242,https://nvidia.custhelp.com/app/answers/detail/a_id/4660,24 Apr 2018,24 Apr 2018
Security Bulletin: NVIDIA GPU Display Driver security updates for multiple vulnerabilities,N/A,NVIDIA,High,"CVE-2018-6247, CVE-2018-6248, CVE-2018-6249, CVE-2018-6250, CVE-2018-6251, CVE-2018-6252, CVE-2018-6253",https://nvidia.custhelp.com/app/answers/detail/a_id/4649,28 Mar 2018,28 Mar 2018
Security Bulletin: NVIDIA SHIELD Tablet security update for a Media Server vulnerability,N/A,NVIDIA,High,CVE-2017-6276,https://nvidia.custhelp.com/app/answers/detail/a_id/4632,22 Mar 2018,22 Mar 2018
"Security Bulletin: NVIDIA Jetson TX1, Jetson TK1, Jetson TX2, and Tegra K1 L4T security updates for multiple vulnerabilities",N/A,NVIDIA,Critical,"CVE-2016-6776, CVE-2017-0328, CVE-2017-0339, CVE-2017-0448, CVE- 2017-6248, CVE-2017-6274, CVE-2017-6275, CVE-2017-6276, CVE-2017-6278, CVE-2017-6282, CVE-2017-6283",https://nvidia.custhelp.com/app/answers/detail/a_id/4635,20 Mar 2018,08 Jun 2018
Security Bulletin: NVIDIA SHIELD TV Security Updates for Multiple Vulnerabilities,N/A,NVIDIA,Critical,"CVE-2017-6279, CVE-2017-6281, CVE-2017-6276, CVE-2017-6282, CVE-2017-6283, CVE-2017-6284, CVE-2017-6296, CVE-2017-6295, CVE-2017-13175",https://nvidia.custhelp.com/app/answers/detail/a_id/4631,15 Feb 2018,15 Feb 2018
Security Bulletin: NVIDIA GeForce Experience Security Updates for CPU Speculative Side Channel Vulnerabilities,N/A,NVIDIA,High,"CVE-2017-5715, CVE-2017-5753, CVE-2017-5754",https://nvidia.custhelp.com/app/answers/detail/a_id/4610,09 Jan 2018,16 jan 2018
Security Bulletin: NVIDIA Jetson TX2 L4T Security Updates for CPU Speculative Side Channel Vulnerabilities,N/A,NVIDIA,High,"CVE-2017-5715, CVE-2017-5753, CVE-2017-5754",https://nvidia.custhelp.com/app/answers/detail/a_id/4617,05 Jan 2018,13 Mar 2018
"Security Bulletin: NVIDIA Jetson TX1, Jetson TK1, and Tegra K1 L4T Security Updates for CPU Speculative Side Channel Vulnerabilities",N/A,NVIDIA,High,"CVE-2017-5715, CVE-2017-5753, CVE-2017-5754",https://nvidia.custhelp.com/app/answers/detail/a_id/4616,05 Jan 2018,08 Jun 2018
Security Bulletin: NVIDIA Shield Tablet Security Updates for CPU Speculative Side Channel Vulnerabilities,N/A,NVIDIA,High,"CVE-2017-5715, CVE-2017-5753, CVE-2017-5754",https://nvidia.custhelp.com/app/answers/detail/a_id/4614,04 Jan 2018,22 Mar 2018
Security Bulletin: NVIDIA Shield TV Security Updates for CPU Speculative Side Channel Vulnerabilities,N/A,NVIDIA,High,"CVE-2017-5715, CVE-2017-5753, CVE-2017-5754",https://nvidia.custhelp.com/app/answers/detail/a_id/4613,04 Jan 2018,31 Jan 2018
Security Bulletin: NVIDIA Driver Security Updates for CPU Speculative Side Channel Vulnerabilities,N/A,NVIDIA,High,"CVE-2017-5715, CVE-2017-5753, CVE-2017-5754",https://nvidia.custhelp.com/app/answers/detail/a_id/4611,04 Jan 2018,14 Feb 2018
Security Notice: CPU Speculative Side Channel Vulnerabilities,N/A,NVIDIA,None,"CVE-2017-5715, CVE-2017-5753, CVE-2017-5754",https://nvidia.custhelp.com/app/answers/detail/a_id/4609,03 Jan 2018,03 Jan 2018
Chrome,87.0.4280.88,Google,High,The N-able PassPortal extension before 3.29.2 for Chrome inserts sensitive information into a log file,Install patch from https://me.n-able.com/s/security-advisory/aArHs000000M8CCKA0/cve202347131-passportal-browser-extension-logs-sensitive-data,Jan 2024,CVE-2023-47131
Windows 11,22H2,Microsoft,Critical,Elevation of Privilege vulnerability in the Windows Print Spooler service,Update to the latest security patches from Microsoft,Oct 2024,CVE-2024-44578
Linux Kernel,5.18.16,Various,High,Integer overflow vulnerability in a networking driver,Update the kernel to a patched version,Sep 2024,CVE-2024-38192
Apache Web Server,2.4.53,The Apache Software Foundation,Medium,Cross-Site Scripting (XSS) vulnerability,Upgrade to a patched version or implement mitigation strategies like content filtering,Aug 2024,CVE-2024-31209
Cisco Router,IOS-XE 17.6.3,Cisco Systems,Critical,Remote code execution vulnerability,Update to the latest security patch from Cisco,Jul 2024,CVE-2024-29876
Firefox,107.0,Mozilla,High,Use-after-free vulnerability in the scripting engine,Update to the latest version of Firefox,Jun 2024,CVE-2024-27564
LibreOffice,7.4.2,The Document Foundation,Medium,Buffer overflow vulnerability in a document format parser,Update to a patched version of LibreOffice,May 2024,CVE-2024-23147
VMware Workstation Pro,17.1.0,VMware,High,Privilege escalation vulnerability in the virtual machine management service,Update to the latest security patch from VMware,Apr 2024,CVE-2024-19723
Samsung Galaxy S23 Ultra,Android 13,Samsung,Critical,Remote code execution vulnerability in a pre-installed app,Install the security update from Samsung,Mar 2024,CVE-2024-18490
Apple iOS,16.3,Apple,High,Information disclosure vulnerability in a system service,Update to the latest version of iOS,Feb 2024,CVE-2024-15217
OpenSSL,3.0.3,The OpenSSL Project,Medium,Denial-of-Service (DoS) vulnerability in a cryptographic function,Upgrade to a patched version of OpenSSL,Jul 2024,CVE-2024-12984
MySQL,8.0.30,Oracle,High,SQL injection vulnerability,Update to a patched version of MySQL or implement prepared statements,Dec 2023,CVE-2023-42109
Java Runtime Environment (JRE),17.0.4,Oracle,Critical,Remote code execution vulnerability,Update to the latest security patch from Oracle,Jan 2023,CVE-2023-40876
Python,3.11.2,Python Software Foundation,High,Type confusion vulnerability in a standard library module,Update to a patched version of Python,Oct 2023,CVE-2023-39643
Git,2.40.5,Git SCM team,Medium,Path traversal vulnerability,Update to a patched version of Git,Sep 2023,CVE-2023-38410
Node.js,18.12.1,The Node.js Foundation,High,Prototype pollution vulnerability in a core module,Update to a patched version of Node.js,Jul 2023,CVE-2023-37187
Microsoft Office,365 ProPlus,Microsoft,High,Macro execution vulnerability in Word documents,Disable macros in untrusted documents or implement security policies,Jul 2023,CVE-2023-35964